{"headers":["id","surface","perimeter","diameter"],"outputType":2,"plotType":0,"valueLabels":[],"values":[["1.000000","2.000000","3.000000","4.000000","5.000000","6.000000"],["17.200000","33.000000","5.600000","107.000000","89.800000","0.200000"],["21.000000","28.500000","10.000000","221.000000","79.500000","1.100000"],["6.000000","4.000000","2.000000","33.000000","14.000000","0.100000"]]}